/*!40101 SET NAMES utf8 */;
/*!40014 SET FOREIGN_KEY_CHECKS=0 */;
/*!40101 SET SQL_MODE='NO_AUTO_VALUE_ON_ZERO' */;
/*!40111 SET SQL_NOTES=0 */;
CREATE DATABASE /*!32312 IF NOT EXISTS*/ sales /*!40100 DEFAULT CHARACTER SET utf8mb4 */;
USE sales;

DROP TABLE IF EXISTS details;
CREATE TABLE `details` (
  `id` bigint unsigned NOT NULL AUTO_INCREMENT,
  `quantity_total` int NOT NULL,
  `sale_id` bigint unsigned NOT NULL,
  `product_id` bigint unsigned NOT NULL,
  `created_at` timestamp NULL DEFAULT NULL,
  `updated_at` timestamp NULL DEFAULT NULL,
  PRIMARY KEY (`id`),
  KEY `details_sale_id_foreign` (`sale_id`),
  KEY `details_product_id_foreign` (`product_id`),
  CONSTRAINT `details_product_id_foreign` FOREIGN KEY (`product_id`) REFERENCES `products` (`id`) ON DELETE CASCADE,
  CONSTRAINT `details_sale_id_foreign` FOREIGN KEY (`sale_id`) REFERENCES `sales` (`id`) ON DELETE CASCADE
) ENGINE=InnoDB AUTO_INCREMENT=31 DEFAULT CHARSET=utf8mb4 COLLATE=utf8mb4_unicode_ci;

DROP TABLE IF EXISTS images;
CREATE TABLE `images` (
  `id` bigint unsigned NOT NULL AUTO_INCREMENT,
  `url` varchar(255) COLLATE utf8mb4_unicode_ci NOT NULL,
  `imageable_type` varchar(255) COLLATE utf8mb4_unicode_ci NOT NULL,
  `imageable_id` bigint unsigned NOT NULL,
  `created_at` timestamp NULL DEFAULT NULL,
  `updated_at` timestamp NULL DEFAULT NULL,
  PRIMARY KEY (`id`),
  KEY `images_imageable_type_imageable_id_index` (`imageable_type`,`imageable_id`)
) ENGINE=InnoDB AUTO_INCREMENT=121 DEFAULT CHARSET=utf8mb4 COLLATE=utf8mb4_unicode_ci;

DROP TABLE IF EXISTS products;
CREATE TABLE `products` (
  `id` bigint unsigned NOT NULL AUTO_INCREMENT,
  `name` varchar(255) COLLATE utf8mb4_unicode_ci NOT NULL,
  `brand` varchar(255) COLLATE utf8mb4_unicode_ci NOT NULL,
  `stock` int NOT NULL,
  `price` decimal(10,2) NOT NULL,
  `created_at` timestamp NULL DEFAULT NULL,
  `updated_at` timestamp NULL DEFAULT NULL,
  PRIMARY KEY (`id`)
) ENGINE=InnoDB AUTO_INCREMENT=33 DEFAULT CHARSET=utf8mb4 COLLATE=utf8mb4_unicode_ci;

DROP TABLE IF EXISTS sales;
CREATE TABLE `sales` (
  `id` bigint unsigned NOT NULL AUTO_INCREMENT,
  `fecha` date NOT NULL,
  `user_id` bigint unsigned NOT NULL,
  `created_at` timestamp NULL DEFAULT NULL,
  `updated_at` timestamp NULL DEFAULT NULL,
  PRIMARY KEY (`id`),
  KEY `sales_user_id_foreign` (`user_id`),
  CONSTRAINT `sales_user_id_foreign` FOREIGN KEY (`user_id`) REFERENCES `users` (`id`) ON DELETE CASCADE
) ENGINE=InnoDB AUTO_INCREMENT=31 DEFAULT CHARSET=utf8mb4 COLLATE=utf8mb4_unicode_ci;

DROP TABLE IF EXISTS users;
CREATE TABLE `users` (
  `id` bigint unsigned NOT NULL AUTO_INCREMENT,
  `name` varchar(255) COLLATE utf8mb4_unicode_ci NOT NULL,
  `email` varchar(255) COLLATE utf8mb4_unicode_ci NOT NULL,
  `password` varchar(255) COLLATE utf8mb4_unicode_ci NOT NULL,
  `phone` varchar(255) COLLATE utf8mb4_unicode_ci NOT NULL,
  `address` varchar(255) COLLATE utf8mb4_unicode_ci NOT NULL,
  `remember_token` varchar(100) COLLATE utf8mb4_unicode_ci DEFAULT NULL,
  `created_at` timestamp NULL DEFAULT NULL,
  `updated_at` timestamp NULL DEFAULT NULL,
  PRIMARY KEY (`id`),
  UNIQUE KEY `users_email_unique` (`email`)
) ENGINE=InnoDB AUTO_INCREMENT=34 DEFAULT CHARSET=utf8mb4 COLLATE=utf8mb4_unicode_ci;

INSERT INTO details(id,quantity_total,sale_id,product_id,created_at,updated_at) VALUES(1,173,20,1,'2021-12-05 13:27:39','2021-12-05 13:27:39'),(2,22,5,22,'2021-12-05 13:27:39','2021-12-05 13:27:39'),(3,179,22,3,'2021-12-05 13:27:39','2021-12-05 13:27:39'),(4,167,15,2,'2021-12-05 13:27:39','2021-12-05 13:27:39'),(5,41,14,24,'2021-12-05 13:27:39','2021-12-05 13:27:39'),(6,63,10,6,'2021-12-05 13:27:39','2021-12-05 13:27:39'),(7,66,1,25,'2021-12-05 13:27:39','2021-12-05 13:27:39'),(8,179,15,3,'2021-12-05 13:27:39','2021-12-05 13:27:39'),(9,76,23,4,'2021-12-05 13:27:39','2021-12-05 13:27:39'),(10,14,30,18,'2021-12-05 13:27:39','2021-12-05 13:27:39'),(11,79,5,17,'2021-12-05 13:27:39','2021-12-05 13:27:39'),(12,66,1,25,'2021-12-05 13:27:39','2021-12-05 13:27:39'),(13,22,4,22,'2021-12-05 13:27:39','2021-12-05 13:27:39'),(14,14,22,12,'2021-12-05 13:27:39','2021-12-05 13:27:39'),(15,66,12,25,'2021-12-05 13:27:39','2021-12-05 13:27:39'),(16,167,21,2,'2021-12-05 13:27:39','2021-12-05 13:27:39'),(17,127,23,27,'2021-12-05 13:27:39','2021-12-05 13:27:39'),(18,178,14,15,'2021-12-05 13:27:39','2021-12-05 13:27:39'),(19,24,4,7,'2021-12-05 13:27:39','2021-12-05 13:27:39'),(20,107,9,13,'2021-12-05 13:27:39','2021-12-05 13:27:39'),(21,138,26,28,'2021-12-05 13:27:39','2021-12-05 13:27:39'),(22,167,6,2,'2021-12-05 13:27:39','2021-12-05 13:27:39'),(23,138,14,28,'2021-12-05 13:27:39','2021-12-05 13:27:39'),(24,76,1,4,'2021-12-05 13:27:39','2021-12-05 13:27:39'),(25,66,19,25,'2021-12-05 13:27:39','2021-12-05 13:27:39'),(26,127,24,27,'2021-12-05 13:27:39','2021-12-05 13:27:39'),(27,79,4,21,'2021-12-05 13:27:39','2021-12-05 13:27:39'),(28,127,13,27,'2021-12-05 13:27:39','2021-12-05 13:27:39'),(30,21,16,30,'2021-12-05 13:27:39','2021-12-05 13:27:39');

INSERT INTO images(id,url,imageable_type,imageable_id,created_at,updated_at) VALUES(1,'images/10f04323123cf29c205fbf9f6087ff29.png','App\\Models\\User',2,'2021-12-05 13:24:52','2021-12-05 13:24:52'),(2,'images/0cc1530f96144ad94478198e9bfc44e4.png','App\\Models\\User',3,'2021-12-05 13:24:52','2021-12-05 13:24:52'),(3,'images/0b1ab90a94e8303481a5689c3ab79afc.png','App\\Models\\User',4,'2021-12-05 13:24:53','2021-12-05 13:24:53'),(4,'images/c8cf4952a35ea9dfe515a132bc30b7a8.png','App\\Models\\User',5,'2021-12-05 13:24:53','2021-12-05 13:24:53'),(5,'images/13edfa60e5bec2d178c6dbca0d93b9a6.png','App\\Models\\User',6,'2021-12-05 13:24:53','2021-12-05 13:24:53'),(6,'images/5872c5e0fdbc353bbc42986b3263ae9f.png','App\\Models\\User',7,'2021-12-05 13:24:54','2021-12-05 13:24:54'),(7,'images/c368426f3052dfae8ecb80128ffd8d22.png','App\\Models\\User',8,'2021-12-05 13:24:54','2021-12-05 13:24:54'),(8,'images/ba10925af4cdbfe73775a572d46da6fb.png','App\\Models\\User',9,'2021-12-05 13:24:54','2021-12-05 13:24:54'),(9,'images/32a12a04d2c772672bb6fd5b430e67da.png','App\\Models\\User',10,'2021-12-05 13:24:55','2021-12-05 13:24:55'),(10,'images/0b3ef402add5933815973f2a6fc16702.png','App\\Models\\User',11,'2021-12-05 13:24:55','2021-12-05 13:24:55'),(11,'images/ee70c2954012ff33e241f9b97801bed2.png','App\\Models\\User',12,'2021-12-05 13:24:55','2021-12-05 13:24:55'),(12,'images/3155c671017c87c5591d2ff87bd71b4a.png','App\\Models\\User',13,'2021-12-05 13:24:56','2021-12-05 13:24:56'),(13,'images/ca4c71b7d3d331096a4a8256678c5acd.png','App\\Models\\User',14,'2021-12-05 13:24:56','2021-12-05 13:24:56'),(14,'images/e1e9ad1191508504b26ba6e3d7a0976b.png','App\\Models\\User',15,'2021-12-05 13:24:56','2021-12-05 13:24:56'),(15,'images/ee3e0a10f55a6e661cd43bd581ceb4b5.png','App\\Models\\User',16,'2021-12-05 13:24:56','2021-12-05 13:24:56'),(16,'images/d8d39cac28a9fd6172cf499221733ffc.png','App\\Models\\User',17,'2021-12-05 13:24:57','2021-12-05 13:24:57'),(17,'images/ff5c0747727dd949a1b7cfa917493dc5.png','App\\Models\\User',18,'2021-12-05 13:24:57','2021-12-05 13:24:57'),(18,'images/9918b26adf744cc6b6aa0ba8eb12d4b1.png','App\\Models\\User',19,'2021-12-05 13:24:57','2021-12-05 13:24:57'),(19,'images/33289328b93ef46c93f2ac52d0f5d654.png','App\\Models\\User',20,'2021-12-05 13:24:57','2021-12-05 13:24:57'),(20,'images/e0dac0e2eb4e5b14cb9255b5be966546.png','App\\Models\\User',21,'2021-12-05 13:24:57','2021-12-05 13:24:57'),(21,'images/95a41921249bc7bad23f037e3dff6394.png','App\\Models\\User',22,'2021-12-05 13:24:58','2021-12-05 13:24:58'),(22,'images/9c3a0ed74135a26f98421716f7e0c635.png','App\\Models\\User',23,'2021-12-05 13:24:58','2021-12-05 13:24:58'),(23,'images/85178ff36e4cda3e22de9e60e2bda3a7.png','App\\Models\\User',24,'2021-12-05 13:24:58','2021-12-05 13:24:58'),(24,'images/a53c522bfa67394c571492533d7fb8d9.png','App\\Models\\User',25,'2021-12-05 13:24:58','2021-12-05 13:24:58'),(25,'images/d1bec2c77da34e619bc2a859a37f5a3e.png','App\\Models\\User',26,'2021-12-05 13:24:59','2021-12-05 13:24:59'),(26,'images/3ea0232e8c4aefe700fbcad318d3ac94.png','App\\Models\\User',27,'2021-12-05 13:24:59','2021-12-05 13:24:59'),(27,'images/5bed92c378aae3b509763b14021c20ef.png','App\\Models\\User',28,'2021-12-05 13:24:59','2021-12-05 13:24:59'),(28,'images/7ba6e9452dcc1517166a23fd76712413.png','App\\Models\\User',29,'2021-12-05 13:24:59','2021-12-05 13:24:59'),(29,'images/0851a5524aaeb9ab8df742a50863c608.png','App\\Models\\User',30,'2021-12-05 13:25:00','2021-12-05 13:25:00'),(30,'images/23faccdb30d5ee5f2cfdd0da4f311e8f.png','App\\Models\\User',31,'2021-12-05 13:25:00','2021-12-05 13:25:00'),(31,'images/092c3d18b82cbaaefd5e962aef75c8e5.png','App\\Models\\Product',1,'2021-12-05 13:25:01','2021-12-05 13:25:01'),(32,'images/ee2762d7458bcf663fa11ac387f430d5.png','App\\Models\\Product',1,'2021-12-05 13:25:01','2021-12-05 13:25:01'),(33,'images/30a544d2a3e6632cb2a0993d269da54f.png','App\\Models\\Product',1,'2021-12-05 13:25:01','2021-12-05 13:25:01'),(34,'images/9e494f271f38ca05cb3c18f5d3d8445a.png','App\\Models\\Product',2,'2021-12-05 13:25:02','2021-12-05 13:25:02'),(35,'images/29f5463d9ac186ad9ee0ad8bcc2a7569.png','App\\Models\\Product',2,'2021-12-05 13:25:02','2021-12-05 13:25:02'),(36,'images/03cf0eed6ce02fb98ecd270cf5386c90.png','App\\Models\\Product',2,'2021-12-05 13:25:02','2021-12-05 13:25:02'),(37,'images/4000bc1d34c5c76d5149bebb3f63111a.png','App\\Models\\Product',3,'2021-12-05 13:25:02','2021-12-05 13:25:02'),(38,'images/5df95a2e675153907cf57abd9f687752.png','App\\Models\\Product',3,'2021-12-05 13:25:02','2021-12-05 13:25:02'),(39,'images/75bdeaba98fe0b78613d3e546b78fa04.png','App\\Models\\Product',3,'2021-12-05 13:25:02','2021-12-05 13:25:02'),(40,'images/c8eedd3fe9e9098c9a424af366122fb6.png','App\\Models\\Product',4,'2021-12-05 13:25:03','2021-12-05 13:25:03'),(41,'images/01419e5c8fcb5f288bc569a30c013524.png','App\\Models\\Product',4,'2021-12-05 13:25:03','2021-12-05 13:25:03'),(42,'images/8a5a23e184a5a5c2725589e5058eba9b.png','App\\Models\\Product',4,'2021-12-05 13:25:03','2021-12-05 13:25:03'),(43,'images/fd69a0efdf1861ebf18ab459ca1fbf62.png','App\\Models\\Product',5,'2021-12-05 13:25:04','2021-12-05 13:25:04'),(44,'images/d0109fa63d613cd9a6f23eda285d5d0b.png','App\\Models\\Product',5,'2021-12-05 13:25:04','2021-12-05 13:25:04'),(45,'images/ccfcfc2d8751ddd1301944ee4f4102b4.png','App\\Models\\Product',5,'2021-12-05 13:25:04','2021-12-05 13:25:04'),(46,'images/19775b95ba027a297eafeee13e411bc7.png','App\\Models\\Product',6,'2021-12-05 13:25:20','2021-12-05 13:25:20'),(47,'images/0c3e924b85425666039b5524b3863b7e.png','App\\Models\\Product',6,'2021-12-05 13:25:20','2021-12-05 13:25:20'),(48,'images/bc1f19ed76767ce046cedd883d1f025e.png','App\\Models\\Product',6,'2021-12-05 13:25:20','2021-12-05 13:25:20'),(49,'images/bb778c398f88d5a0b4a5c355b795c72f.png','App\\Models\\Product',7,'2021-12-05 13:25:22','2021-12-05 13:25:22'),(50,'images/04f6f9558f495a352ecdcdaf99571c94.png','App\\Models\\Product',7,'2021-12-05 13:25:22','2021-12-05 13:25:22'),(51,'images/0f319efe33084b680ad9b467244389bd.png','App\\Models\\Product',7,'2021-12-05 13:25:22','2021-12-05 13:25:22'),(52,'images/fbef576bd2e9f6be94cd3ff6ab54ad43.png','App\\Models\\Product',8,'2021-12-05 13:25:22','2021-12-05 13:25:22'),(53,'images/46ba49df427c52fa2546c4fd5387aa3c.png','App\\Models\\Product',8,'2021-12-05 13:25:22','2021-12-05 13:25:22'),(54,'images/03ebbd66a95e0f3a345e0d2b1b6b14f5.png','App\\Models\\Product',8,'2021-12-05 13:25:22','2021-12-05 13:25:22'),(55,'images/fc580783e059eafba9d1866f6b887c67.png','App\\Models\\Product',9,'2021-12-05 13:25:23','2021-12-05 13:25:23'),(56,'images/c36b25ba019a081e781a62b41854ded8.png','App\\Models\\Product',9,'2021-12-05 13:25:23','2021-12-05 13:25:23'),(57,'images/718830b041c1b97bb3a4d06a2f6f1848.png','App\\Models\\Product',9,'2021-12-05 13:25:23','2021-12-05 13:25:23'),(58,'images/3886fdf1258571a27aa4815e11bd434c.png','App\\Models\\Product',10,'2021-12-05 13:25:24','2021-12-05 13:25:24'),(59,'images/9bc8dc598e80a62a4c4bae5212b67d52.png','App\\Models\\Product',10,'2021-12-05 13:25:24','2021-12-05 13:25:24'),(60,'images/92e186cde892cc348198c277c3b3a4aa.png','App\\Models\\Product',10,'2021-12-05 13:25:24','2021-12-05 13:25:24'),(61,'images/61b2c5da5368ec3de124881edf6dd970.png','App\\Models\\Product',11,'2021-12-05 13:25:25','2021-12-05 13:25:25'),(62,'images/d8dbfb7d449839b0b3a22ca0aae1f03f.png','App\\Models\\Product',11,'2021-12-05 13:25:25','2021-12-05 13:25:25'),(63,'images/7b0669c0dc0d8475863c83f6a6789f82.png','App\\Models\\Product',11,'2021-12-05 13:25:25','2021-12-05 13:25:25'),(64,'images/5c500ad1c570b6645336ff77085ad29d.png','App\\Models\\Product',12,'2021-12-05 13:25:41','2021-12-05 13:25:41'),(65,'images/9a50d142bd3b3d83281b242da722d526.png','App\\Models\\Product',12,'2021-12-05 13:25:41','2021-12-05 13:25:41'),(66,'images/77c6c950b35d20394c8365f3c9dfeb57.png','App\\Models\\Product',12,'2021-12-05 13:25:41','2021-12-05 13:25:41'),(67,'images/8e634a6964a45ea8b61f12f9357f452f.png','App\\Models\\Product',13,'2021-12-05 13:25:42','2021-12-05 13:25:42'),(68,'images/bd9991892fc5be7c52cd11643f779b55.png','App\\Models\\Product',13,'2021-12-05 13:25:42','2021-12-05 13:25:42'),(69,'images/14a4d71b3d8ac47a33b9ce656f08999e.png','App\\Models\\Product',13,'2021-12-05 13:25:42','2021-12-05 13:25:42'),(70,'images/b726c2e5a8f15efcc8fd3d919bac3e71.png','App\\Models\\Product',14,'2021-12-05 13:25:42','2021-12-05 13:25:42'),(71,'images/02c2b135bbacde3c160266bbd2252d4f.png','App\\Models\\Product',14,'2021-12-05 13:25:42','2021-12-05 13:25:42'),(72,'images/d6885accd508afb7e8336805ddffb1fb.png','App\\Models\\Product',14,'2021-12-05 13:25:42','2021-12-05 13:25:42'),(73,'images/be93b37088d4416813c640db95f6215f.png','App\\Models\\Product',15,'2021-12-05 13:26:14','2021-12-05 13:26:14'),(74,'images/ff956badf4005bc470cc69f3a61c5a3a.png','App\\Models\\Product',15,'2021-12-05 13:26:14','2021-12-05 13:26:14'),(75,'images/e2f8a0d855d22fd0a3638b91638a4c1d.png','App\\Models\\Product',15,'2021-12-05 13:26:14','2021-12-05 13:26:14'),(76,'images/cb19da0bd79cf9967c14296a502fd79b.png','App\\Models\\Product',16,'2021-12-05 13:26:30','2021-12-05 13:26:30'),(77,'images/e4a5f12444eff9dbbcf0138e55502879.png','App\\Models\\Product',16,'2021-12-05 13:26:30','2021-12-05 13:26:30'),(78,'images/5e0a9239deb43b801da08e240f3b0f13.png','App\\Models\\Product',16,'2021-12-05 13:26:30','2021-12-05 13:26:30'),(79,'images/1eae8029eb583896dc5ce2f712548259.png','App\\Models\\Product',17,'2021-12-05 13:26:31','2021-12-05 13:26:31'),(80,'images/c2593a1ebef32ae49fd287555ed1e122.png','App\\Models\\Product',17,'2021-12-05 13:26:31','2021-12-05 13:26:31'),(81,'images/ad20ff66f182bc891da48302787bc24d.png','App\\Models\\Product',17,'2021-12-05 13:26:31','2021-12-05 13:26:31'),(82,'images/0a2544b6287f58a9be522fd0a78f2a27.png','App\\Models\\Product',18,'2021-12-05 13:26:32','2021-12-05 13:26:32'),(83,'images/9662dd10bec2934b4326f899e7554cfb.png','App\\Models\\Product',18,'2021-12-05 13:26:32','2021-12-05 13:26:32'),(84,'images/dd26c7e3db1767bfe1a2fd54af1ced4d.png','App\\Models\\Product',18,'2021-12-05 13:26:32','2021-12-05 13:26:32'),(85,'images/8a49655d76f1a66d667ae136dee7549b.png','App\\Models\\Product',19,'2021-12-05 13:26:33','2021-12-05 13:26:33'),(86,'images/68b9c386f5d6dad8b98d2d74e68e1f58.png','App\\Models\\Product',19,'2021-12-05 13:26:33','2021-12-05 13:26:33'),(87,'images/8d16d7a69d35e08abea1c8fdf490b84d.png','App\\Models\\Product',19,'2021-12-05 13:26:33','2021-12-05 13:26:33'),(88,'images/8f8783b2f396f1b7ba769951cc3b531a.png','App\\Models\\Product',20,'2021-12-05 13:26:50','2021-12-05 13:26:50'),(89,'images/0cde2993a9f1c93196b2977b7642e20a.png','App\\Models\\Product',20,'2021-12-05 13:26:50','2021-12-05 13:26:50'),(90,'images/d227155bcd234ae2054cb3fee11996ea.png','App\\Models\\Product',20,'2021-12-05 13:26:50','2021-12-05 13:26:50'),(91,'images/e042fd09d19c3e34427152eecb20db05.png','App\\Models\\Product',21,'2021-12-05 13:26:52','2021-12-05 13:26:52'),(92,'images/f53cbfa160dfc45eb1ec0a0c673167bb.png','App\\Models\\Product',21,'2021-12-05 13:26:52','2021-12-05 13:26:52'),(93,'images/c3c26297d6dc55a83ac901a4899f4108.png','App\\Models\\Product',21,'2021-12-05 13:26:52','2021-12-05 13:26:52'),(94,'images/28f9759b8a3eecfd65f2a7ea9aac4944.png','App\\Models\\Product',22,'2021-12-05 13:26:53','2021-12-05 13:26:53'),(95,'images/d86a6b479f7a11d8a130d1af47f243dd.png','App\\Models\\Product',22,'2021-12-05 13:26:53','2021-12-05 13:26:53'),(96,'images/39f60a847c98971a4aa294772b8d74be.png','App\\Models\\Product',22,'2021-12-05 13:26:53','2021-12-05 13:26:53'),(97,'images/7cc5f336276450411f4d5a5337618474.png','App\\Models\\Product',23,'2021-12-05 13:26:54','2021-12-05 13:26:54'),(98,'images/d3691a5c80d0f0402eaf7c1665b6825d.png','App\\Models\\Product',23,'2021-12-05 13:26:54','2021-12-05 13:26:54'),(99,'images/dc4d43945b08dbe69117936e3104c27c.png','App\\Models\\Product',23,'2021-12-05 13:26:54','2021-12-05 13:26:54'),(100,'images/5b7df500fd19e22ff5f52321336daa97.png','App\\Models\\Product',24,'2021-12-05 13:26:55','2021-12-05 13:26:55'),(101,'images/2ac78f66e7234a5c2fc99532c1dbfb36.png','App\\Models\\Product',24,'2021-12-05 13:26:55','2021-12-05 13:26:55'),(102,'images/434feb65008b22cde9095fbe1faa1bc1.png','App\\Models\\Product',24,'2021-12-05 13:26:55','2021-12-05 13:26:55'),(103,'images/edab71d015019be38d974013c7ab317e.png','App\\Models\\Product',25,'2021-12-05 13:26:56','2021-12-05 13:26:56'),(104,'images/d6f4aa9711b8938e3dee8af17e4af5c9.png','App\\Models\\Product',25,'2021-12-05 13:26:56','2021-12-05 13:26:56'),(105,'images/e48d098703e16ec8b9bf03aa861d2489.png','App\\Models\\Product',25,'2021-12-05 13:26:56','2021-12-05 13:26:56'),(106,'images/348e531a96091fcc5cfbd8a5ef74446b.png','App\\Models\\Product',26,'2021-12-05 13:26:57','2021-12-05 13:26:57'),(107,'images/d6a48abdd55ef651efdf56b95976aa5b.png','App\\Models\\Product',26,'2021-12-05 13:26:57','2021-12-05 13:26:57'),(108,'images/bfbc89cff4c41993b488210e343c30bc.png','App\\Models\\Product',26,'2021-12-05 13:26:57','2021-12-05 13:26:57'),(109,'images/bf34f075097f37bd5dcd28d89e767922.png','App\\Models\\Product',27,'2021-12-05 13:26:58','2021-12-05 13:26:58'),(110,'images/2eecbe43e4413da6694f52d6a23c10df.png','App\\Models\\Product',27,'2021-12-05 13:26:58','2021-12-05 13:26:58'),(111,'images/90ee43f203c194dbd686513bd8ff83c2.png','App\\Models\\Product',27,'2021-12-05 13:26:58','2021-12-05 13:26:58'),(112,'images/140fbb5d8b93e4ee2d8c2b39cf894f8f.png','App\\Models\\Product',28,'2021-12-05 13:27:00','2021-12-05 13:27:00'),(113,'images/0a8188c4cdbba1b7fd085cbfc8e10236.png','App\\Models\\Product',28,'2021-12-05 13:27:00','2021-12-05 13:27:00'),(114,'images/5eead377e79e245593a2871b98271ff1.png','App\\Models\\Product',28,'2021-12-05 13:27:00','2021-12-05 13:27:00'),(115,'images/6a2b70a367ad3f7190881a9238dbf88a.png','App\\Models\\Product',29,'2021-12-05 13:27:37','2021-12-05 13:27:37'),(116,'images/76ffb09a8d3f9ed5288157b709695846.png','App\\Models\\Product',29,'2021-12-05 13:27:37','2021-12-05 13:27:37'),(117,'images/4ed980f8230d9085bb0082891ccfbcc9.png','App\\Models\\Product',29,'2021-12-05 13:27:37','2021-12-05 13:27:37'),(118,'images/194aaf360188ed9dd8bb6c60c2b152d2.png','App\\Models\\Product',30,'2021-12-05 13:27:38','2021-12-05 13:27:38'),(119,'images/8426fb1235a4568c6cbe9dea976523fe.png','App\\Models\\Product',30,'2021-12-05 13:27:38','2021-12-05 13:27:38'),(120,'images/b0865331a4b0ee111cc2d2c20a1f65df.png','App\\Models\\Product',30,'2021-12-05 13:27:38','2021-12-05 13:27:38');

INSERT INTO products(id,name,brand,stock,price,created_at,updated_at) VALUES(1,'Prof. Jedidiah Welch','Thompson PLC',173,345.00,'2021-12-05 13:25:00','2021-12-05 13:25:00'),(2,'Prof. Quinten Conroy','Bailey Group',167,232.00,'2021-12-05 13:25:00','2021-12-05 13:25:00'),(3,'Cristopher Nikolaus','Koelpin-Dickens',179,223.00,'2021-12-05 13:25:00','2021-12-05 13:25:00'),(4,'Julia Monahan','Cruickshank-Wunsch',76,357.00,'2021-12-05 13:25:00','2021-12-05 13:25:00'),(5,'Lizeth Hartmann MD','Russel, Mann and Haag',185,496.00,'2021-12-05 13:25:00','2021-12-05 13:25:00'),(6,'Willie Romaguera','Brown LLC',63,434.00,'2021-12-05 13:25:00','2021-12-05 13:25:00'),(7,'Max Stokes','Rodriguez LLC',24,348.00,'2021-12-05 13:25:00','2021-12-05 13:25:00'),(8,'Rose Schuppe','Hudson, Halvorson and Yost',8,229.00,'2021-12-05 13:25:00','2021-12-05 13:25:00'),(9,'Zackary Steuber','Jaskolski Ltd',148,251.00,'2021-12-05 13:25:00','2021-12-05 13:25:00'),(10,'Buford Mohr','Runte LLC',126,273.00,'2021-12-05 13:25:00','2021-12-05 13:25:00'),(11,'Deanna Waters','Ernser, Bernhard and Vandervort',13,447.00,'2021-12-05 13:25:00','2021-12-05 13:25:00'),(12,'Prof. Clifton Morar','Koch Group',14,293.00,'2021-12-05 13:25:00','2021-12-05 13:25:00'),(13,'Dr. Rex Gibson II','Brakus, Schaden and Skiles',107,289.00,'2021-12-05 13:25:00','2021-12-05 13:25:00'),(14,'Candida Kertzmann','Jerde Group',58,232.00,'2021-12-05 13:25:00','2021-12-05 13:25:00'),(15,'Luigi Nicolas Sr.','Haley, Haag and Conroy',178,472.00,'2021-12-05 13:25:00','2021-12-05 13:25:00'),(16,'Mrs. Anastasia Leffler','Pacocha, Ledner and Rutherford',59,387.00,'2021-12-05 13:25:00','2021-12-05 13:25:00'),(17,'Michelle Ruecker','McGlynn-Prosacco',79,412.00,'2021-12-05 13:25:00','2021-12-05 13:25:00'),(18,'Ms. Nayeli Hermann IV','Lubowitz, Kreiger and Pollich',14,480.00,'2021-12-05 13:25:00','2021-12-05 13:25:00'),(19,'Duane Hane','Moore-Schmidt',91,404.00,'2021-12-05 13:25:00','2021-12-05 13:25:00'),(20,'Georgiana Pouros Jr.','Huel PLC',89,401.00,'2021-12-05 13:25:00','2021-12-05 13:25:00'),(21,'Miss Carolyn Goodwin','Ward PLC',79,487.00,'2021-12-05 13:25:00','2021-12-05 13:25:00'),(22,'Quinton Bode DDS','Rippin-Glover',22,219.00,'2021-12-05 13:25:00','2021-12-05 13:25:00'),(23,'Miss Maureen Feil','Brakus, Hagenes and Renner',123,344.00,'2021-12-05 13:25:00','2021-12-05 13:25:00'),(24,'Alexys Veum III','Herzog LLC',41,286.00,'2021-12-05 13:25:00','2021-12-05 13:25:00'),(25,'Blaise Kunde','Larson LLC',66,275.00,'2021-12-05 13:25:00','2021-12-05 13:25:00'),(26,'Stanley Torphy','Grimes, Pollich and Crooks',11,497.00,'2021-12-05 13:25:00','2021-12-05 13:25:00'),(27,'Miss Hope Kshlerin IV','Hartmann, Olson and Rutherford',127,321.00,'2021-12-05 13:25:00','2021-12-05 13:25:00'),(28,'Reymundo O\'Kon','Harber, Klocko and Adams',138,242.00,'2021-12-05 13:25:00','2021-12-05 13:25:00'),(30,'Arlene Daniel','Gerhold, Runolfsson and Rohan',21,267.00,'2021-12-05 13:25:00','2021-12-05 13:25:00');

INSERT INTO sales(id,fecha,user_id,created_at,updated_at) VALUES(1,'2020-01-07',17,'2021-12-05 13:27:38','2021-12-05 13:27:38'),(2,'2016-06-19',7,'2021-12-05 13:27:38','2021-12-05 13:27:38'),(3,'1993-03-11',11,'2021-12-05 13:27:38','2021-12-05 13:27:38'),(4,'2002-01-06',6,'2021-12-05 13:27:38','2021-12-05 13:27:38'),(5,'2003-03-09',10,'2021-12-05 13:27:38','2021-12-05 13:27:38'),(6,'2001-03-04',26,'2021-12-05 13:27:38','2021-12-05 13:27:38'),(7,'2019-11-25',19,'2021-12-05 13:27:38','2021-12-05 13:27:38'),(8,'1996-10-13',26,'2021-12-05 13:27:38','2021-12-05 13:27:38'),(9,'1999-05-26',17,'2021-12-05 13:27:38','2021-12-05 13:27:38'),(10,'2006-05-27',19,'2021-12-05 13:27:38','2021-12-05 13:27:38'),(11,'2007-08-12',24,'2021-12-05 13:27:38','2021-12-05 13:27:38'),(12,'2013-07-27',21,'2021-12-05 13:27:38','2021-12-05 13:27:38'),(13,'2003-11-25',27,'2021-12-05 13:27:38','2021-12-05 13:27:38'),(14,'2008-03-05',4,'2021-12-05 13:27:38','2021-12-05 13:27:38'),(15,'1996-12-09',17,'2021-12-05 13:27:38','2021-12-05 13:27:38'),(16,'2009-04-10',20,'2021-12-05 13:27:38','2021-12-05 13:27:38'),(17,'2018-01-06',22,'2021-12-05 13:27:38','2021-12-05 13:27:38'),(18,'2001-02-21',12,'2021-12-05 13:27:38','2021-12-05 13:27:38'),(19,'2008-02-25',6,'2021-12-05 13:27:38','2021-12-05 13:27:38'),(20,'2008-04-16',4,'2021-12-05 13:27:38','2021-12-05 13:27:38'),(21,'2019-02-05',23,'2021-12-05 13:27:38','2021-12-05 13:27:38'),(22,'2004-12-20',2,'2021-12-05 13:27:38','2021-12-05 13:27:38'),(23,'1993-11-18',27,'2021-12-05 13:27:38','2021-12-05 13:27:38'),(24,'2010-02-22',28,'2021-12-05 13:27:38','2021-12-05 13:27:38'),(25,'2019-12-16',27,'2021-12-05 13:27:38','2021-12-05 13:27:38'),(26,'2009-10-03',26,'2021-12-05 13:27:38','2021-12-05 13:27:38'),(27,'2014-06-30',20,'2021-12-05 13:27:38','2021-12-05 13:27:38'),(28,'2001-11-08',19,'2021-12-05 13:27:38','2021-12-05 13:27:38'),(29,'1998-12-13',21,'2021-12-05 13:27:38','2021-12-05 13:27:38'),(30,'1992-02-05',20,'2021-12-05 13:27:38','2021-12-05 13:27:38');
INSERT INTO users(id,name,email,password,phone,address,remember_token,created_at,updated_at) VALUES(1,'Luis Davaria','daprimovaria@gmail.com','$2y$10$LPxrv9CDcxvz1pA.slNAiu079bQw6d1FOCl0If7HA2.wYwO3AnZ3S','938296302','Av.Pedro P. Diaz Mz.31 Lt.1',NULL,'2021-12-05 13:24:51','2021-12-05 13:24:51'),(2,'Sophia Schoen','skoss@example.com','$2y$10$92IXUNpkjO0rOQ5byMi.Ye4oKoEa3Ro9llC/.og/at2.uheWG/igi','+1.947.303.0719','11966 Monahan Rapid','00mepTHCrt','2021-12-05 13:24:51','2021-12-05 13:24:51'),(3,'Ms. Myriam Lueilwitz PhD','vincenzo.dickens@example.com','$2y$10$92IXUNpkjO0rOQ5byMi.Ye4oKoEa3Ro9llC/.og/at2.uheWG/igi','346-489-6423','205 Swift Turnpike Apt. 462','FA9DmKPrH6','2021-12-05 13:24:51','2021-12-05 13:24:51'),(4,'Mia Herzog DDS','trey85@example.org','$2y$10$92IXUNpkjO0rOQ5byMi.Ye4oKoEa3Ro9llC/.og/at2.uheWG/igi','(947) 775-1515','731 Alisha Causeway','b8aZBY3hN5','2021-12-05 13:24:51','2021-12-05 13:24:51'),(5,'Augustus Roob','lborer@example.net','$2y$10$92IXUNpkjO0rOQ5byMi.Ye4oKoEa3Ro9llC/.og/at2.uheWG/igi','+1-636-725-1487','58994 Vena Shore Apt. 229','XgX9DSwBJW','2021-12-05 13:24:51','2021-12-05 13:24:51'),(6,'Alan Cronin','marco91@example.com','$2y$10$92IXUNpkjO0rOQ5byMi.Ye4oKoEa3Ro9llC/.og/at2.uheWG/igi','646.542.2454','56077 Dock Oval','nSWKzpDgLZ','2021-12-05 13:24:51','2021-12-05 13:24:51'),(7,'Eda Moen Jr.','kledner@example.net','$2y$10$92IXUNpkjO0rOQ5byMi.Ye4oKoEa3Ro9llC/.og/at2.uheWG/igi','330-455-2407','10885 Cynthia Ports','CenXim8ClB','2021-12-05 13:24:51','2021-12-05 13:24:51'),(8,'Karli Brakus DVM','roosevelt.considine@example.com','$2y$10$92IXUNpkjO0rOQ5byMi.Ye4oKoEa3Ro9llC/.og/at2.uheWG/igi','928-335-1699','65683 Robel Locks Apt. 357','9RABYDb5II','2021-12-05 13:24:51','2021-12-05 13:24:51'),(9,'Mylene Hirthe','pierre.windler@example.org','$2y$10$92IXUNpkjO0rOQ5byMi.Ye4oKoEa3Ro9llC/.og/at2.uheWG/igi','+1-434-536-2113','305 Wilderman Shoals','sWnVtlx8iX','2021-12-05 13:24:51','2021-12-05 13:24:51'),(10,'Mrs. Rita Goyette IV','jaylin81@example.org','$2y$10$92IXUNpkjO0rOQ5byMi.Ye4oKoEa3Ro9llC/.og/at2.uheWG/igi','1-940-284-6813','654 Kaylin Bypass','PthAPu0ueZ','2021-12-05 13:24:51','2021-12-05 13:24:51'),(11,'Rory Erdman II','cale01@example.org','$2y$10$92IXUNpkjO0rOQ5byMi.Ye4oKoEa3Ro9llC/.og/at2.uheWG/igi','1-541-443-8465','614 McCullough Mission','aYCD6ThZr1','2021-12-05 13:24:51','2021-12-05 13:24:51'),(12,'Gerhard Hudson','joanie.jacobi@example.com','$2y$10$92IXUNpkjO0rOQ5byMi.Ye4oKoEa3Ro9llC/.og/at2.uheWG/igi','(317) 482-0702','3916 Raynor Rest Suite 010','i0bcbvUUGr','2021-12-05 13:24:51','2021-12-05 13:24:51'),(13,'Tomas Thiel','fahey.alec@example.org','$2y$10$92IXUNpkjO0rOQ5byMi.Ye4oKoEa3Ro9llC/.og/at2.uheWG/igi','534.309.5539','3173 Willms Radial','lDOGDDJPSi','2021-12-05 13:24:51','2021-12-05 13:24:51'),(14,'Robin Cole','america70@example.org','$2y$10$92IXUNpkjO0rOQ5byMi.Ye4oKoEa3Ro9llC/.og/at2.uheWG/igi','+1-609-879-8962','33603 Grady Squares','kTaVuVwyoW','2021-12-05 13:24:51','2021-12-05 13:24:51'),(15,'Dawson Treutel','kevon.hoppe@example.org','$2y$10$92IXUNpkjO0rOQ5byMi.Ye4oKoEa3Ro9llC/.og/at2.uheWG/igi','+12488719099','238 Brad Manor Apt. 532','AtU6dB5xbV','2021-12-05 13:24:51','2021-12-05 13:24:51'),(16,'Prof. Sim Osinski II','lbarrows@example.org','$2y$10$92IXUNpkjO0rOQ5byMi.Ye4oKoEa3Ro9llC/.og/at2.uheWG/igi','1-717-399-9426','3623 Larkin Walks','cckoLvxoGQ','2021-12-05 13:24:51','2021-12-05 13:24:51'),(17,'Miss Sydnee Koelpin Sr.','jmclaughlin@example.net','$2y$10$92IXUNpkjO0rOQ5byMi.Ye4oKoEa3Ro9llC/.og/at2.uheWG/igi','+15598557065','97357 Zemlak Lake Apt. 694','H0JWxpT16d','2021-12-05 13:24:51','2021-12-05 13:24:51'),(18,'Ayden Schmidt','hammes.vincenza@example.org','$2y$10$92IXUNpkjO0rOQ5byMi.Ye4oKoEa3Ro9llC/.og/at2.uheWG/igi','520-340-8722','3421 Colby Manors','uscg3WT8ai','2021-12-05 13:24:51','2021-12-05 13:24:51'),(19,'Freddie Block','weissnat.brady@example.org','$2y$10$92IXUNpkjO0rOQ5byMi.Ye4oKoEa3Ro9llC/.og/at2.uheWG/igi','+1-256-302-5280','761 Modesto Manor Suite 534','wWMvPfaAYC','2021-12-05 13:24:51','2021-12-05 13:24:51'),(20,'Prof. Deron Spinka','wgleason@example.com','$2y$10$92IXUNpkjO0rOQ5byMi.Ye4oKoEa3Ro9llC/.og/at2.uheWG/igi','(757) 307-3567','920 Jacobs Spurs','rYNXDIvPKg','2021-12-05 13:24:51','2021-12-05 13:24:51'),(21,'Marcos Hamill','meichmann@example.com','$2y$10$92IXUNpkjO0rOQ5byMi.Ye4oKoEa3Ro9llC/.og/at2.uheWG/igi','+1 (520) 948-1626','579 Curt Land Apt. 560','96lrgjMQdp','2021-12-05 13:24:51','2021-12-05 13:24:51'),(22,'Gregg Murray','luettgen.cleve@example.org','$2y$10$92IXUNpkjO0rOQ5byMi.Ye4oKoEa3Ro9llC/.og/at2.uheWG/igi','+1-430-594-8422','88317 Henri Course','non9UEIiZT','2021-12-05 13:24:51','2021-12-05 13:24:51'),(23,'Keven Kreiger','mekhi.erdman@example.org','$2y$10$92IXUNpkjO0rOQ5byMi.Ye4oKoEa3Ro9llC/.og/at2.uheWG/igi','657-604-4338','75952 Orville Port','EgqlNdieHD','2021-12-05 13:24:51','2021-12-05 13:24:51'),(24,'Miss Priscilla Mayert IV','smith.laury@example.org','$2y$10$92IXUNpkjO0rOQ5byMi.Ye4oKoEa3Ro9llC/.og/at2.uheWG/igi','+1 (574) 779-0156','49156 Nicolas Drives Suite 578','7i3TJD9MW3','2021-12-05 13:24:51','2021-12-05 13:24:51'),(25,'Gayle Renner DVM','ffunk@example.com','$2y$10$92IXUNpkjO0rOQ5byMi.Ye4oKoEa3Ro9llC/.og/at2.uheWG/igi','+19476867911','1421 Turcotte Ridge','qHiTfwMGxC','2021-12-05 13:24:51','2021-12-05 13:24:51'),(26,'Prof. Wyman Mayert Sr.','mhayes@example.com','$2y$10$92IXUNpkjO0rOQ5byMi.Ye4oKoEa3Ro9llC/.og/at2.uheWG/igi','+1.772.688.4837','117 Lebsack Lights Apt. 264','xEfwdSyngl','2021-12-05 13:24:51','2021-12-05 13:24:51'),(27,'Ms. Kira Kovacek','francisco.gorczany@example.com','$2y$10$92IXUNpkjO0rOQ5byMi.Ye4oKoEa3Ro9llC/.og/at2.uheWG/igi','+1 (463) 559-6236','717 Kris Falls Suite 539','4ZJpCI3q4f','2021-12-05 13:24:51','2021-12-05 13:24:51'),(28,'Dameon Ferry','micaela18@example.org','$2y$10$92IXUNpkjO0rOQ5byMi.Ye4oKoEa3Ro9llC/.og/at2.uheWG/igi','+1-747-286-7146','192 Feeney Alley Apt. 692','CsxGnoxMSr','2021-12-05 13:24:51','2021-12-05 13:24:51'),(29,'Larry Koepp','cronin.wilfrid@example.org','$2y$10$92IXUNpkjO0rOQ5byMi.Ye4oKoEa3Ro9llC/.og/at2.uheWG/igi','1-859-406-5705','213 Parisian Lake Suite 348','At0Qmn14gp','2021-12-05 13:24:51','2021-12-05 13:24:51'),(31,'Miss Chanelle Lindgren IV','fisher.zelda@example.net','$2y$10$92IXUNpkjO0rOQ5byMi.Ye4oKoEa3Ro9llC/.og/at2.uheWG/igi','+1 (239) 591-5809','1421 Alfonzo Brooks','5WDpoDVjco','2021-12-05 13:24:51','2021-12-05 13:24:51');